datetime,low,high,open,close,volumefrom,volumeto
2021-11-10 00:00:00,11.22,11.52,11.37,11.31,109252.95,1235513.29
2021-11-10 01:00:00,11.25,11.43,11.31,11.32,82147.75,929886.36
2021-11-10 02:00:00,11.14,11.34,11.32,11.15,45853.07,511340.62
2021-11-10 03:00:00,11.08,11.21,11.15,11.14,38818.64,432283.0
2021-11-10 04:00:00,11.1,11.23,11.14,11.17,37729.87,421350.46
2021-11-10 05:00:00,11.05,11.21,11.17,11.09,90506.75,1004054.58
2021-11-10 06:00:00,11.1,11.22,11.09,11.17,73238.31,818131.38
2021-11-10 07:00:00,11.11,11.36,11.17,11.35,48695.62,552591.4
2021-11-10 08:00:00,11.38,11.63,11.35,11.43,85647.91,979275.99
2021-11-10 09:00:00,11.29,11.66,11.43,11.56,124265.79,1436984.93
2021-11-10 10:00:00,11.47,11.75,11.54,11.7,3816.28,44328.41
2021-11-10 11:00:00,11.53,11.77,11.7,11.53,4704.65,54842.04
2021-11-10 12:00:00,11.33,11.54,11.54,11.33,70248.23,796128.11
2021-11-10 13:00:00,11.5,11.69,11.33,11.5,90471.85,1040628.6
2021-11-10 14:00:00,11.37,11.63,11.5,11.37,91921.25,1045541.07
2021-11-10 15:00:00,11.35,11.44,11.37,11.43,17362.4,198452.39
2021-11-10 16:00:00,11.39,11.51,11.43,11.51,29023.65,334099.88
2021-11-10 17:00:00,11.48,11.62,11.51,11.59,78366.44,908315.94
2021-11-10 18:00:00,11.45,11.69,11.59,11.56,114904.7,1328735.0
2021-11-10 19:00:00,11.01,11.65,11.56,11.03,220019.85,2427689.38
2021-11-10 20:00:00,10.6,11.03,11.03,10.75,162843.96,1750525.05
2021-11-10 21:00:00,10.12,10.77,10.75,10.47,97732.68,1023349.64
2021-11-10 22:00:00,10.51,10.85,10.47,10.8,54380.16,587106.48
2021-11-10 23:00:00,10.69,10.81,10.8,10.76,29428.41,316789.2
2021-11-11 00:00:00,10.69,11.14,10.76,11.13,84946.72,945313.66
2021-11-11 01:00:00,10.89,11.13,11.13,10.93,51379.27,561394.81
2021-11-11 02:00:00,10.7,10.89,10.93,10.85,22052.41,239187.97
2021-11-11 03:00:00,10.85,11.03,10.85,11.0,19274.6,212096.55
2021-11-11 04:00:00,10.9,11.06,11.0,11.02,14422.76,158960.4
2021-11-11 05:00:00,11.02,11.16,11.02,11.16,16844.77,187954.09
2021-11-11 06:00:00,11.07,11.2,11.16,11.18,12083.77,135076.14
2021-11-11 07:00:00,11.19,11.42,11.18,11.4,32257.94,367863.09
2021-11-11 08:00:00,11.25,11.45,11.4,11.38,66258.17,754076.89
2021-11-11 09:00:00,11.25,12.23,11.25,12.23,4898.52,57029.89
2021-11-11 10:00:00,11.84,12.31,12.23,12.24,8388.88,101402.56
2021-11-11 11:00:00,11.97,12.31,12.24,12.15,4067.0,49482.0
2021-11-11 12:00:00,11.94,12.45,12.15,12.12,4990.88,60811.74
2021-11-11 13:00:00,12.0,12.35,12.25,12.06,199593.36,2408062.73
2021-11-11 14:00:00,11.98,12.18,12.06,12.06,144773.57,1746204.43
2021-11-11 15:00:00,11.87,12.26,12.06,12.25,170113.75,2083140.96
2021-11-11 16:00:00,12.03,12.32,12.25,12.03,68233.29,821144.03
2021-11-11 17:00:00,11.81,12.03,12.03,11.98,55535.17,665202.97
2021-11-11 18:00:00,11.94,12.36,11.98,12.26,91191.73,1117682.89
2021-11-11 19:00:00,12.0,12.36,12.26,12.02,57485.78,690768.22
2021-11-11 20:00:00,11.87,12.16,12.02,12.16,51103.97,621176.26
2021-11-11 21:00:00,12.14,12.43,12.16,12.14,70046.68,850086.95
2021-11-11 22:00:00,12.11,12.51,12.13,12.42,4209.15,52504.02
2021-11-11 23:00:00,12.06,12.49,12.42,12.06,3816.84,47066.03
2021-11-12 00:00:00,12.05,12.63,12.06,12.27,5921.4,73872.48
2021-11-12 01:00:00,12.09,12.34,12.27,12.11,148383.87,1796687.31
2021-11-12 02:00:00,11.82,12.1,12.11,11.92,109784.13,1308742.83
2021-11-12 03:00:00,11.73,11.95,11.92,11.91,68658.16,817606.23
2021-11-12 04:00:00,11.89,12.07,11.91,11.89,46625.43,554361.71
2021-11-12 05:00:00,11.76,11.88,11.89,11.78,43567.64,513298.91
2021-11-12 06:00:00,11.59,11.87,11.78,11.6,155788.62,1806494.27
2021-11-12 07:00:00,11.56,11.74,11.6,11.66,95696.55,1116292.12
2021-11-12 08:00:00,11.68,11.8,11.66,11.73,33498.11,393080.98
2021-11-12 09:00:00,11.29,11.54,11.73,11.33,91862.17,1040569.03
2021-11-12 10:00:00,11.24,11.38,11.33,11.32,71235.01,806347.62
2021-11-12 11:00:00,11.28,11.4,11.32,11.34,51259.05,581390.83
2021-11-12 12:00:00,11.31,11.43,11.34,11.36,28961.62,329090.43
2021-11-12 13:00:00,11.27,11.41,11.36,11.36,30228.65,343443.02
2021-11-12 14:00:00,11.19,11.28,11.36,11.27,20161.58,227219.26
2021-11-12 15:00:00,11.13,11.27,11.27,11.22,24076.4,270178.15
2021-11-12 16:00:00,11.06,11.24,11.22,11.12,58588.12,651355.04
2021-11-12 17:00:00,11.17,11.24,11.12,11.19,20779.95,232554.98
2021-11-12 18:00:00,11.17,11.25,11.19,11.18,29300.93,327502.6
2021-11-12 19:00:00,11.11,11.21,11.18,11.13,19363.32,215449.1
2021-11-12 20:00:00,11.17,11.25,11.13,11.22,20886.91,234355.28
2021-11-12 21:00:00,11.2,11.29,11.22,11.2,39363.92,441035.84
2021-11-12 22:00:00,11.13,11.22,11.2,11.2,17470.6,195736.65
2021-11-12 23:00:00,11.24,11.42,11.2,11.42,97358.7,1111818.97
2021-11-13 00:00:00,11.28,11.46,11.42,11.3,38757.55,437802.07
2021-11-13 01:00:00,11.14,11.21,11.3,11.16,37966.26,423725.42
2021-11-13 02:00:00,10.99,11.22,11.16,11.02,133876.75,1475048.56
2021-11-13 03:00:00,10.99,11.08,11.02,11.0,69664.62,766250.24
2021-11-13 04:00:00,10.98,11.09,11.0,11.04,28152.24,310840.94
2021-11-13 05:00:00,11.02,11.1,11.04,11.08,13291.87,147319.55
2021-11-13 06:00:00,11.12,11.2,11.08,11.2,31469.56,352560.54
2021-11-13 07:00:00,11.18,11.23,11.2,11.19,16174.0,180937.49
2021-11-13 08:00:00,11.1,11.16,11.19,11.13,15217.6,169388.35
2021-11-13 09:00:00,10.95,11.09,11.13,10.98,70322.58,771899.77
2021-11-13 10:00:00,11.02,11.08,10.98,11.08,39602.68,438983.1
2021-11-13 11:00:00,11.01,11.06,11.08,11.02,6419.93,70737.89
2021-11-13 12:00:00,10.94,11.03,11.02,10.97,26939.45,295480.12
2021-11-13 13:00:00,10.87,11.0,10.97,10.92,29474.39,321950.31
2021-11-13 14:00:00,11.07,11.15,10.92,11.14,41200.67,458962.15
2021-11-13 15:00:00,11.14,11.23,11.15,11.18,8665.05,96883.22
2021-11-13 16:00:00,11.14,11.22,11.17,11.2,27151.41,304124.57
2021-11-13 17:00:00,11.17,11.24,11.2,11.2,41507.41,464957.35
2021-11-13 18:00:00,11.09,11.16,11.2,11.12,18156.04,201850.5
2021-11-13 19:00:00,11.08,11.17,11.12,11.16,22282.7,248695.76
2021-11-13 20:00:00,11.1,11.23,11.16,11.1,37009.48,410985.6
2021-11-13 21:00:00,11.07,11.1,11.1,11.08,26761.41,296461.23
2021-11-13 22:00:00,11.04,11.23,11.08,11.14,58527.69,652035.16
2021-11-13 23:00:00,11.15,11.2,11.14,11.16,10389.68,115904.53
2021-11-14 00:00:00,11.15,11.31,11.16,11.18,58926.93,658773.48
2021-11-14 01:00:00,11.13,11.35,11.18,11.22,35776.84,401567.77
2021-11-14 02:00:00,11.16,11.43,11.22,11.43,4000.26,45704.26
2021-11-14 03:00:00,11.27,11.41,11.41,11.29,26262.5,296478.8
2021-11-14 04:00:00,11.26,11.35,11.29,11.29,20464.38,231038.75
2021-11-14 05:00:00,11.31,11.41,11.29,11.33,43076.05,488208.39
2021-11-14 06:00:00,11.2,11.33,11.33,11.27,24138.64,272128.48
2021-11-14 07:00:00,11.22,11.29,11.27,11.24,26432.29,297181.6
2021-11-14 08:00:00,11.18,11.61,11.24,11.48,80996.69,930008.19
2021-11-14 09:00:00,11.36,11.47,11.48,11.4,48129.08,548490.69
2021-11-14 10:00:00,11.38,11.45,11.4,11.4,13274.62,151281.45
2021-11-14 11:00:00,11.37,11.43,11.4,11.37,16511.99,187705.92
2021-11-14 12:00:00,11.36,11.46,11.37,11.43,18910.52,216169.97
2021-11-14 13:00:00,11.39,11.75,11.39,11.54,3132.15,36143.97
2021-11-14 14:00:00,11.47,11.63,11.56,11.57,84556.56,978211.88
2021-11-14 15:00:00,11.49,11.72,11.57,11.58,71216.53,824503.61
2021-11-14 16:00:00,11.42,11.69,11.58,11.45,137182.06,1570334.62
2021-11-14 17:00:00,11.25,11.62,11.45,11.36,117423.69,1334224.49
2021-11-14 18:00:00,11.35,11.58,11.35,11.48,3946.43,45346.91
2021-11-14 19:00:00,11.47,11.6,11.5,11.53,47084.48,542976.59
2021-11-14 20:00:00,11.54,11.66,11.53,11.61,43572.93,505750.87
2021-11-14 21:00:00,11.57,11.74,11.61,11.68,38824.62,453360.67
2021-11-14 22:00:00,11.61,11.87,11.68,11.87,70746.23,840036.07
2021-11-14 23:00:00,11.84,12.09,11.87,11.86,91134.54,1080594.99
2021-11-15 00:00:00,11.71,11.97,11.86,11.84,79999.03,947181.9
2021-11-15 01:00:00,11.75,11.91,11.84,11.78,40884.0,481641.23
2021-11-15 02:00:00,11.74,11.8,11.78,11.76,33393.02,392584.78
2021-11-15 03:00:00,11.69,11.78,11.76,11.7,19515.02,228389.63
2021-11-15 04:00:00,11.69,11.84,11.7,11.8,32877.74,388073.44
2021-11-15 05:00:00,11.71,11.81,11.8,11.72,27431.14,321490.5
2021-11-15 06:00:00,11.64,11.71,11.72,11.65,37056.75,431557.07
2021-11-15 07:00:00,11.62,11.68,11.65,11.67,26381.4,307840.47
2021-11-15 08:00:00,11.59,11.7,11.67,11.62,29158.73,338957.9
2021-11-15 09:00:00,11.63,11.78,11.62,11.73,36115.43,423743.52
2021-11-15 10:00:00,11.71,11.78,11.73,11.71,22544.17,264051.63
2021-11-15 11:00:00,11.6,11.69,11.71,11.6,27910.9,323875.71
2021-11-15 12:00:00,11.56,11.62,11.6,11.61,23376.45,271405.57
2021-11-15 13:00:00,11.5,11.6,11.61,11.54,58441.3,674484.1
2021-11-15 14:00:00,11.4,11.49,11.54,11.49,47942.5,550774.08
2021-11-15 15:00:00,11.34,11.43,11.49,11.42,49593.09,566112.52
2021-11-15 16:00:00,11.4,11.57,11.42,11.56,21195.93,244933.2
2021-11-15 17:00:00,11.42,11.53,11.56,11.42,12052.47,137691.62
2021-11-15 18:00:00,11.22,11.38,11.42,11.29,89350.83,1008664.37
2021-11-15 19:00:00,11.33,11.39,11.29,11.33,60593.18,686770.26
2021-11-15 20:00:00,11.15,11.29,11.33,11.16,79027.8,881839.37
2021-11-15 21:00:00,11.14,11.22,11.16,11.2,51203.81,573570.61
2021-11-15 22:00:00,11.15,11.24,11.2,11.17,61096.4,682388.12
2021-11-15 23:00:00,11.04,11.11,11.17,11.08,37889.18,419871.57
2021-11-16 00:00:00,10.72,10.95,11.08,10.76,149059.62,1604384.8
2021-11-16 01:00:00,10.56,10.79,10.76,10.74,159509.82,1713293.47
2021-11-16 02:00:00,10.51,10.65,10.74,10.52,18362.32,193259.56
2021-11-16 03:00:00,10.38,10.48,10.52,10.43,36166.35,377313.37
2021-11-16 04:00:00,10.46,10.53,10.43,10.49,19999.14,209774.05
2021-11-16 05:00:00,10.36,10.44,10.49,10.38,14694.48,152465.24
2021-11-16 06:00:00,10.29,10.37,10.38,10.34,40406.86,417936.76
2021-11-16 07:00:00,10.29,10.34,10.34,10.32,78491.46,810276.63
2021-11-16 08:00:00,10.31,10.4,10.32,10.33,13917.89,143785.31
2021-11-16 09:00:00,10.06,10.22,10.33,10.12,69691.38,704982.71
2021-11-16 10:00:00,9.241,10.11,10.12,9.819,294199.83,2888850.82
2021-11-16 11:00:00,9.806,9.891,9.819,9.861,49076.59,483927.23
2021-11-16 12:00:00,9.719,9.803,9.861,9.743,47788.07,465615.0
2021-11-16 13:00:00,9.793,9.896,9.743,9.89,39284.05,388533.23
2021-11-16 14:00:00,9.947,10.1,9.89,10.05,45007.18,452362.7
2021-11-16 15:00:00,9.877,10.02,10.05,9.89,16502.96,163206.74
2021-11-16 16:00:00,9.88,9.935,9.89,9.916,26993.81,267678.58
2021-11-16 17:00:00,9.85,9.91,9.916,9.85,20583.94,202747.97
2021-11-16 18:00:00,9.725,9.851,9.85,9.743,23596.81,229905.61
2021-11-16 19:00:00,9.774,9.907,9.743,9.846,71532.6,704331.28
2021-11-16 20:00:00,9.507,9.77,9.846,9.602,132779.62,1274992.39
2021-11-16 21:00:00,9.72,9.884,9.602,9.847,146845.55,1446052.25
2021-11-16 22:00:00,9.838,9.929,9.847,9.856,16625.38,163859.81
2021-11-16 23:00:00,9.684,9.786,9.856,9.684,18130.35,175566.04
2021-11-17 00:00:00,9.609,9.699,9.684,9.609,33567.88,322554.45
2021-11-17 01:00:00,9.531,9.62,9.609,9.531,21365.65,203635.88
2021-11-17 02:00:00,9.487,9.6,9.531,9.487,53458.79,507146.68
2021-11-17 03:00:00,9.303,9.486,9.487,9.403,107191.6,1007939.67
2021-11-17 04:00:00,9.411,9.578,9.403,9.506,57137.23,543159.95
2021-11-17 05:00:00,9.543,9.609,9.506,9.579,25589.95,245124.81
2021-11-17 06:00:00,9.492,9.593,9.579,9.557,34875.35,333317.68
2021-11-17 07:00:00,9.419,9.592,9.557,9.563,67015.13,640836.96
2021-11-17 08:00:00,9.508,9.573,9.563,9.52,35171.9,334830.63
2021-11-17 09:00:00,9.266,9.414,9.52,9.284,36740.1,341095.37
2021-11-17 10:00:00,9.466,9.557,9.284,9.551,56203.46,536785.3
2021-11-17 11:00:00,9.576,9.85,9.551,9.753,105690.67,1030749.41
2021-11-17 12:00:00,9.68,9.741,9.753,9.699,31493.9,305446.7
2021-11-17 13:00:00,9.556,9.652,9.699,9.604,40593.04,389849.93
2021-11-17 14:00:00,9.325,9.57,9.604,9.391,102872.82,966044.19
2021-11-17 15:00:00,9.344,9.439,9.391,9.433,46480.74,438474.06
2021-11-17 16:00:00,9.517,9.572,9.433,9.554,58187.81,555909.16
2021-11-17 17:00:00,9.45,9.522,9.554,9.51,25994.42,247200.28
2021-11-17 18:00:00,9.541,9.644,9.51,9.638,75504.74,727697.64
2021-11-17 19:00:00,9.484,9.599,9.638,9.49,12963.5,123024.76
2021-11-17 20:00:00,9.508,9.635,9.49,9.629,40886.67,393682.83
2021-11-17 21:00:00,9.546,9.63,9.629,9.576,64215.25,614937.87
2021-11-17 22:00:00,9.361,9.577,9.576,9.367,46091.96,431746.8
2021-11-17 23:00:00,9.387,9.441,9.367,9.417,22910.49,215748.85
2021-11-18 00:00:00,9.387,9.654,9.417,9.581,61203.01,586384.48
2021-11-18 01:00:00,9.525,9.774,9.581,9.725,96750.4,940916.89
2021-11-18 02:00:00,9.648,9.77,9.725,9.764,60050.45,586308.98
2021-11-18 03:00:00,9.607,9.88,9.775,9.607,8258.12,80673.73
2021-11-18 04:00:00,9.465,9.602,9.603,9.465,82841.13,784055.6
2021-11-18 05:00:00,9.452,9.524,9.465,9.482,17741.82,168231.86
2021-11-18 06:00:00,9.342,9.485,9.482,9.348,32392.84,302792.07
2021-11-18 07:00:00,9.275,9.371,9.348,9.347,45325.16,423643.8
2021-11-18 08:00:00,9.214,9.351,9.347,9.243,33865.5,313033.58
2021-11-18 09:00:00,9.044,9.192,9.243,9.144,25343.69,231753.43
2021-11-18 10:00:00,9.194,9.409,9.144,9.373,31414.04,294457.57
2021-11-18 11:00:00,9.158,9.282,9.373,9.164,9841.15,90182.39
2021-11-18 12:00:00,9.137,9.256,9.164,9.214,16153.67,148844.36
2021-11-18 13:00:00,9.092,9.235,9.214,9.152,26278.39,240490.22
2021-11-18 14:00:00,8.979,9.109,9.152,9.015,19127.6,172431.6
2021-11-18 15:00:00,8.632,8.939,9.015,8.8,103040.67,906758.54
2021-11-18 16:00:00,8.644,8.788,8.8,8.742,62085.0,542738.55
2021-11-18 17:00:00,8.572,8.953,8.742,8.855,79263.19,701879.97
2021-11-18 18:00:00,8.873,8.937,8.855,8.914,28842.66,257103.72
2021-11-18 19:00:00,8.862,8.937,8.914,8.92,19068.44,170090.62
2021-11-18 20:00:00,8.891,8.996,8.92,8.961,20809.34,186468.73
2021-11-18 21:00:00,8.843,8.918,8.961,8.843,13509.75,119464.52
2021-11-18 22:00:00,8.678,8.752,8.843,8.724,11848.8,103363.44
2021-11-18 23:00:00,8.733,8.893,8.724,8.801,67958.02,598131.37
2021-11-19 00:00:00,8.833,9.195,8.801,9.178,75938.84,696985.15
2021-11-19 01:00:00,8.946,9.059,9.178,8.946,29329.09,262377.83
2021-11-19 02:00:00,8.764,8.887,8.946,8.792,52559.14,462104.59
2021-11-19 03:00:00,8.686,8.842,8.792,8.713,24755.75,215708.99
2021-11-19 04:00:00,8.764,9.259,8.713,9.259,101534.53,940133.36
2021-11-19 05:00:00,9.168,9.382,9.259,9.235,114079.43,1053572.71
2021-11-19 06:00:00,9.13,9.305,9.235,9.141,53953.65,493211.19
2021-11-19 07:00:00,9.042,9.199,9.141,9.115,62837.28,572764.46
2021-11-19 08:00:00,9.281,9.475,9.115,9.389,120622.29,1132550.5
2021-11-19 09:00:00,9.314,9.445,9.389,9.32,88238.61,822362.78
2021-11-19 10:00:00,9.264,9.327,9.32,9.281,14142.09,131257.74
2021-11-19 11:00:00,9.247,9.333,9.281,9.264,42784.22,396365.14
2021-11-19 12:00:00,9.242,9.317,9.264,9.294,22926.71,213074.93
2021-11-19 13:00:00,9.355,9.43,9.294,9.412,25915.69,243926.52
2021-11-19 14:00:00,9.428,9.515,9.412,9.469,15719.94,148846.45
2021-11-19 15:00:00,9.361,9.46,9.469,9.413,57366.71,540009.68
2021-11-19 16:00:00,9.458,9.551,9.413,9.504,30693.12,291716.31
2021-11-19 17:00:00,9.406,9.557,9.504,9.412,21542.25,202754.0
2021-11-19 18:00:00,9.381,9.422,9.412,9.405,16963.12,159531.42
2021-11-19 19:00:00,9.378,9.471,9.405,9.459,38636.76,365467.65
2021-11-19 20:00:00,9.323,9.438,9.459,9.334,18310.8,170918.68
2021-11-19 21:00:00,9.331,9.366,9.334,9.36,11129.16,104166.05
2021-11-19 22:00:00,9.354,9.395,9.36,9.354,4137.25,38701.49
2021-11-19 23:00:00,9.377,9.465,9.354,9.441,21604.02,203970.51
2021-11-20 00:00:00,9.41,9.579,9.441,9.486,131060.98,1243259.89
2021-11-20 01:00:00,9.569,9.657,9.486,9.64,34836.07,335810.42
2021-11-20 02:00:00,9.55,9.662,9.64,9.562,45687.19,436842.43
2021-11-20 03:00:00,9.427,9.515,9.562,9.427,11144.76,105063.56
2021-11-20 04:00:00,9.408,9.472,9.427,9.437,15125.04,142734.48
2021-11-20 05:00:00,9.363,9.427,9.437,9.38,12036.5,112907.56
2021-11-20 06:00:00,9.399,9.452,9.38,9.446,21346.38,201636.35
2021-11-20 07:00:00,9.406,9.498,9.412,9.413,1823.55,17255.43
2021-11-20 08:00:00,9.428,9.568,9.419,9.568,18702.19,178945.09
2021-11-20 09:00:00,9.516,9.619,9.516,9.592,1348.75,12941.37
2021-11-20 10:00:00,9.579,9.732,9.593,9.714,55758.28,541637.73
2021-11-20 11:00:00,9.53,9.82,9.7,9.768,6822.7,65824.01
2021-11-20 12:00:00,9.733,9.809,9.756,9.745,35926.01,350093.14
2021-11-20 13:00:00,9.658,9.799,9.745,9.682,18966.7,183631.42
2021-11-20 14:00:00,9.636,9.712,9.682,9.647,27239.66,262792.9
2021-11-20 15:00:00,9.335,9.531,9.647,9.34,153352.43,1432375.45
2021-11-20 16:00:00,9.356,9.431,9.34,9.391,28458.34,267249.53
2021-11-20 17:00:00,9.324,9.463,9.391,9.33,115892.69,1081274.75
2021-11-20 18:00:00,9.567,9.811,9.33,9.811,244893.06,2402645.62
2021-11-20 19:00:00,9.711,9.853,9.811,9.717,54100.47,525671.21
2021-11-20 20:00:00,9.702,9.857,9.717,9.815,17350.44,170298.61
2021-11-20 21:00:00,9.797,9.899,9.815,9.827,28238.55,277501.49
2021-11-20 22:00:00,9.754,9.885,9.827,9.813,31276.13,306925.38
2021-11-20 23:00:00,9.76,9.826,9.813,9.814,31575.69,309889.45
2021-11-21 00:00:00,9.614,9.757,9.814,9.644,25970.86,250466.11
2021-11-21 01:00:00,9.61,9.664,9.644,9.658,41801.53,403711.4
2021-11-21 02:00:00,9.509,9.615,9.658,9.556,89520.23,855475.52
2021-11-21 03:00:00,9.428,9.493,9.556,9.44,20677.94,195202.11
2021-11-21 04:00:00,9.417,9.494,9.44,9.464,22666.61,214525.1
2021-11-21 05:00:00,9.523,9.594,9.464,9.582,20546.29,196880.8
2021-11-21 06:00:00,9.571,9.63,9.582,9.583,14789.55,141722.45
2021-11-21 07:00:00,9.52,9.585,9.583,9.556,10049.51,96030.13
2021-11-21 08:00:00,9.462,9.574,9.556,9.515,36885.15,350958.63
2021-11-21 09:00:00,9.529,9.588,9.515,9.547,24706.95,235877.98
2021-11-21 10:00:00,9.427,9.555,9.551,9.44,3220.51,30531.22
2021-11-21 11:00:00,9.386,9.451,9.451,9.451,29282.51,276745.02
2021-11-21 12:00:00,9.409,9.509,9.451,9.462,85365.57,807743.91
2021-11-21 13:00:00,9.397,9.479,9.462,9.432,59884.1,564825.5
2021-11-21 14:00:00,9.396,9.467,9.432,9.461,12821.5,121307.09
2021-11-21 15:00:00,9.482,9.701,9.461,9.701,53241.39,516511.31
2021-11-21 16:00:00,9.698,9.848,9.701,9.704,72563.22,704136.41
2021-11-21 17:00:00,9.597,9.645,9.704,9.603,31517.77,302669.43
2021-11-21 18:00:00,9.602,9.757,9.603,9.721,38229.1,371624.36
2021-11-21 19:00:00,9.627,9.71,9.721,9.645,24197.65,233387.22
2021-11-21 20:00:00,9.682,9.837,9.645,9.79,25965.19,254189.41
2021-11-21 21:00:00,9.767,9.916,9.79,9.856,43983.44,433510.32
2021-11-21 22:00:00,9.723,9.877,9.856,9.83,59964.46,589441.72
2021-11-21 23:00:00,9.633,9.774,9.83,9.668,40782.71,394288.33
2021-11-22 00:00:00,9.424,9.628,9.668,9.43,95840.82,903742.34
2021-11-22 01:00:00,9.328,9.433,9.43,9.363,55530.5,519919.54
2021-11-22 02:00:00,9.196,9.306,9.363,9.237,39385.81,363789.57
2021-11-22 03:00:00,9.106,9.192,9.237,9.134,41345.65,377664.31
2021-11-22 04:00:00,9.051,9.108,9.134,9.068,19754.95,179137.65
2021-11-22 05:00:00,9.109,9.206,9.068,9.172,16052.19,147228.56
2021-11-22 06:00:00,9.135,9.175,9.172,9.135,17252.79,157596.37
2021-11-22 07:00:00,9.111,9.162,9.135,9.145,21060.49,192599.92
2021-11-22 08:00:00,9.161,9.219,9.145,9.213,32532.62,299722.68
2021-11-22 09:00:00,9.16,9.229,9.213,9.189,24497.51,225107.31
2021-11-22 10:00:00,9.221,9.267,9.189,9.25,17621.26,162999.29
2021-11-22 11:00:00,9.177,9.222,9.25,9.217,15593.17,143717.86
2021-11-22 12:00:00,9.147,9.222,9.217,9.199,114932.4,1057258.15
2021-11-22 13:00:00,9.276,9.494,9.199,9.329,51356.38,479122.15
2021-11-22 14:00:00,9.201,9.277,9.329,9.218,12057.04,111145.49
2021-11-22 15:00:00,9.201,9.282,9.218,9.271,6362.32,58982.02
2021-11-22 16:00:00,9.196,9.283,9.271,9.283,3918.6,36374.71
2021-11-22 17:00:00,9.216,9.601,9.283,9.59,177514.89,1702363.75
2021-11-22 18:00:00,9.269,9.432,9.59,9.353,44106.26,412538.22
2021-11-22 19:00:00,9.26,9.395,9.353,9.271,46049.73,426945.82
2021-11-22 20:00:00,9.248,9.315,9.271,9.276,30616.97,283998.08
2021-11-22 21:00:00,9.334,9.502,9.276,9.435,48166.59,454446.21
2021-11-22 22:00:00,9.42,9.556,9.435,9.454,12339.16,116651.19
2021-11-22 23:00:00,9.262,9.391,9.454,9.279,15878.42,147331.8
2021-11-23 00:00:00,9.23,9.338,9.279,9.287,47310.38,439358.94
2021-11-23 01:00:00,9.33,9.586,9.287,9.432,56688.95,534703.37
2021-11-23 02:00:00,9.413,9.526,9.432,9.498,62893.09,597355.57
2021-11-23 03:00:00,9.434,9.503,9.498,9.457,14494.91,137077.96
2021-11-23 04:00:00,9.416,9.541,9.457,9.473,119487.8,1131873.97
2021-11-23 05:00:00,9.372,9.457,9.473,9.378,15806.31,148227.61
2021-11-23 06:00:00,9.288,9.356,9.378,9.299,31220.0,290329.54
2021-11-23 07:00:00,9.184,9.246,9.299,9.212,31975.71,294572.63
2021-11-23 08:00:00,9.227,9.277,9.212,9.272,20621.97,191202.06
2021-11-23 09:00:00,9.216,9.346,9.272,9.256,57096.17,528464.27
2021-11-23 10:00:00,9.093,9.251,9.256,9.251,152516.75,1410865.58
2021-11-23 11:00:00,9.2,9.245,9.251,9.205,26447.32,243458.78
2021-11-23 12:00:00,9.223,9.274,9.205,9.268,10075.25,93379.98
2021-11-23 13:00:00,9.279,9.359,9.268,9.353,22780.63,213064.01
2021-11-23 14:00:00,9.486,9.59,9.353,9.486,22119.5,209817.98
2021-11-23 15:00:00,9.348,9.502,9.486,9.496,23193.21,220252.84
2021-11-23 16:00:00,9.534,9.684,9.496,9.672,54745.58,529500.86
2021-11-23 17:00:00,9.604,9.719,9.672,9.673,67658.5,654467.82
2021-11-23 18:00:00,9.679,9.754,9.673,9.725,20345.42,197863.89
2021-11-23 19:00:00,9.756,9.849,9.725,9.82,22415.93,220119.35
2021-11-23 20:00:00,9.832,9.947,9.82,9.895,52677.98,521260.89
2021-11-23 21:00:00,9.85,9.931,9.895,9.897,23621.18,233769.08
2021-11-23 22:00:00,9.796,9.917,9.897,9.819,17577.11,172584.6
2021-11-23 23:00:00,9.798,9.994,9.819,9.982,38942.53,388726.22
2021-11-24 00:00:00,9.875,10.16,9.982,10.14,96129.44,974684.76
2021-11-24 01:00:00,9.711,10.09,10.14,9.768,71330.88,696780.62
2021-11-24 02:00:00,9.619,9.787,9.768,9.776,106866.17,1044745.19
2021-11-24 03:00:00,9.806,10.32,9.776,9.857,269220.44,2653715.36
2021-11-24 04:00:00,9.755,9.891,9.857,9.8,52644.26,515919.44
2021-11-24 05:00:00,9.78,9.887,9.8,9.814,34006.17,333721.87
2021-11-24 06:00:00,9.609,9.813,9.814,9.643,33435.16,322413.17
2021-11-24 07:00:00,9.621,9.689,9.643,9.689,32698.09,316805.64
2021-11-24 08:00:00,9.678,9.769,9.689,9.678,21569.8,208744.33
2021-11-24 09:00:00,9.441,9.651,9.678,9.446,36339.38,343277.16
2021-11-24 10:00:00,9.393,9.478,9.446,9.421,42001.37,395715.14
2021-11-24 11:00:00,9.449,9.54,9.421,9.494,26809.98,254539.26
2021-11-24 12:00:00,9.44,9.513,9.494,9.468,27903.01,264189.91
2021-11-24 13:00:00,9.239,9.424,9.468,9.261,77504.08,717767.69
2021-11-24 14:00:00,9.181,9.321,9.261,9.22,71814.21,662128.6
2021-11-24 15:00:00,9.283,9.351,9.22,9.311,28363.98,264094.04
2021-11-24 16:00:00,9.146,9.322,9.311,9.197,33345.29,306677.97
2021-11-24 17:00:00,9.128,9.218,9.197,9.162,30902.02,283119.62
2021-11-24 18:00:00,9.182,9.312,9.162,9.204,52692.17,484996.87
2021-11-24 19:00:00,9.087,9.218,9.204,9.116,29066.9,264968.91
2021-11-24 20:00:00,9.15,9.282,9.116,9.236,35969.08,332202.03
2021-11-24 21:00:00,9.207,9.259,9.236,9.224,29594.02,272979.56
2021-11-24 22:00:00,9.174,9.214,9.224,9.202,13968.07,128538.78
2021-11-24 23:00:00,9.182,9.291,9.202,9.285,14222.12,132055.72
2021-11-25 00:00:00,9.292,9.432,9.285,9.31,42832.04,398751.91
2021-11-25 01:00:00,9.232,9.284,9.31,9.261,37201.89,344515.1
2021-11-25 02:00:00,9.251,9.314,9.261,9.314,10857.88,101130.53
2021-11-25 03:00:00,9.312,9.422,9.314,9.376,55829.15,523439.86
2021-11-25 04:00:00,9.256,9.325,9.376,9.313,28800.29,268218.68
2021-11-25 05:00:00,9.241,9.338,9.313,9.286,24900.65,231239.07
2021-11-25 06:00:00,9.259,9.333,9.286,9.293,12920.47,120073.31
2021-11-25 07:00:00,9.208,9.363,9.293,9.208,49063.16,451759.83
2021-11-25 08:00:00,9.191,9.352,9.208,9.208,68129.17,627340.5
2021-11-25 09:00:00,9.179,9.248,9.208,9.231,26314.7,242899.7
2021-11-25 10:00:00,9.127,9.29,9.231,9.29,87629.8,814042.91
2021-11-25 11:00:00,9.263,9.35,9.29,9.292,33730.15,313414.04
2021-11-25 12:00:00,9.344,9.432,9.292,9.397,28067.42,263742.46
2021-11-25 13:00:00,9.328,9.428,9.397,9.428,15467.34,145823.59
2021-11-25 14:00:00,9.448,9.53,9.428,9.454,31205.58,295018.3
2021-11-25 15:00:00,9.385,9.509,9.454,9.391,24250.59,227738.32
2021-11-25 16:00:00,9.323,9.482,9.391,9.417,17640.58,166128.2
2021-11-25 17:00:00,9.29,9.45,9.417,9.355,23882.97,223426.88
2021-11-25 18:00:00,9.334,9.387,9.355,9.387,12215.26,114663.37
2021-11-25 19:00:00,9.225,9.348,9.387,9.272,13796.29,127917.31
2021-11-25 20:00:00,9.236,9.289,9.272,9.266,24238.31,224588.45
2021-11-25 21:00:00,9.259,9.383,9.266,9.306,19769.79,183985.85
2021-11-25 22:00:00,9.289,9.33,9.306,9.289,6199.47,57584.62
2021-11-25 23:00:00,9.187,9.293,9.289,9.276,30055.63,278781.22
2021-11-26 00:00:00,9.233,9.339,9.276,9.292,20806.48,193329.28
2021-11-26 01:00:00,9.256,9.332,9.292,9.279,29558.57,274278.12
2021-11-26 02:00:00,9.097,9.341,9.279,9.237,118710.68,1096490.12
2021-11-26 03:00:00,9.192,9.284,9.237,9.221,29112.59,268437.14
2021-11-26 04:00:00,9.15,9.225,9.221,9.156,14219.42,130185.93
2021-11-26 05:00:00,9.057,9.173,9.156,9.086,37175.21,337766.13
2021-11-26 06:00:00,9.023,9.086,9.086,9.057,19737.67,178773.09
2021-11-26 07:00:00,8.8,8.965,9.057,8.857,149828.68,1326963.19
2021-11-26 08:00:00,7.792,8.599,8.857,8.389,340655.01,2857642.95
2021-11-26 09:00:00,8.202,8.361,8.389,8.306,91455.15,759632.36
2021-11-26 10:00:00,8.186,8.273,8.306,8.186,25175.43,206080.99
2021-11-26 11:00:00,8.047,8.154,8.186,8.133,33963.42,276218.84
2021-11-26 12:00:00,8.147,8.321,8.133,8.321,89909.95,748112.99
2021-11-26 13:00:00,8.296,8.427,8.321,8.394,44296.06,371834.18
2021-11-26 14:00:00,8.37,8.441,8.394,8.37,20461.05,171256.48
2021-11-26 15:00:00,8.239,8.332,8.37,8.299,34166.5,283550.91
2021-11-26 16:00:00,8.269,8.356,8.299,8.334,14895.02,124132.55
2021-11-26 17:00:00,8.308,8.357,8.334,8.308,9399.58,78095.82
2021-11-26 18:00:00,8.236,8.301,8.308,8.296,25750.32,213615.17
2021-11-26 19:00:00,8.322,8.387,8.296,8.354,22579.02,188633.18
2021-11-26 20:00:00,8.347,8.418,8.354,8.402,13702.3,115124.06
2021-11-26 21:00:00,8.287,8.342,8.402,8.309,21034.81,174780.41
2021-11-26 22:00:00,8.282,8.364,8.309,8.288,15141.98,125493.63
2021-11-26 23:00:00,8.213,8.31,8.288,8.273,45790.37,378806.71
2021-11-27 00:00:00,8.309,8.401,8.273,8.385,44447.33,372691.15
2021-11-27 01:00:00,8.386,8.434,8.385,8.413,13758.09,115743.6
2021-11-27 02:00:00,8.4,8.487,8.413,8.427,14985.27,126277.15
2021-11-27 03:00:00,8.295,8.426,8.427,8.339,27770.63,231576.31
2021-11-27 04:00:00,8.31,8.397,8.339,8.397,65087.78,546571.62
2021-11-27 05:00:00,8.271,8.363,8.397,8.271,7889.54,65254.8
2021-11-27 06:00:00,8.213,8.289,8.271,8.224,27779.14,228445.01
2021-11-27 07:00:00,8.248,8.28,8.224,8.275,9239.34,76456.04
2021-11-27 08:00:00,8.371,8.459,8.275,8.42,18249.93,153669.15
2021-11-27 09:00:00,8.337,8.381,8.42,8.365,51686.95,432341.38
2021-11-27 10:00:00,8.38,8.451,8.365,8.446,16385.74,138392.67
2021-11-27 11:00:00,8.362,8.433,8.446,8.367,81793.85,684389.24
2021-11-27 12:00:00,8.368,8.4,8.367,8.39,46970.03,394056.65
2021-11-27 13:00:00,8.411,8.455,8.39,8.422,20412.88,171924.27
2021-11-27 14:00:00,8.36,8.444,8.429,8.36,17390.35,145392.64
2021-11-27 15:00:00,8.374,8.418,8.346,8.396,13517.47,113495.83
2021-11-27 16:00:00,8.381,8.453,8.396,8.442,45641.9,385298.0
2021-11-27 17:00:00,8.429,8.512,8.442,8.473,36573.15,309894.57
2021-11-27 18:00:00,8.397,8.496,8.473,8.402,10133.28,85140.37
2021-11-27 19:00:00,8.36,8.399,8.399,8.36,25237.32,210984.02
2021-11-27 20:00:00,8.36,8.389,8.36,8.36,40164.76,335777.51
2021-11-27 21:00:00,8.36,8.36,8.36,8.36,9625.72,80471.02
2021-11-27 22:00:00,8.343,8.387,8.304,8.354,6596.45,55105.49
2021-11-27 23:00:00,8.36,8.382,8.382,8.36,5160.72,43146.47
2021-11-28 00:00:00,8.287,8.49,8.314,8.468,26246.26,222253.16
2021-11-28 01:00:00,8.146,8.662,8.468,8.189,172914.72,1416073.35
2021-11-28 02:00:00,8.028,8.3,8.189,8.099,119279.84,966029.67
2021-11-28 03:00:00,7.895,8.131,8.099,7.907,2958.04,23795.91
2021-11-28 04:00:00,7.831,7.913,7.886,7.853,52629.15,413297.77
2021-11-28 05:00:00,7.896,7.972,7.853,7.945,62731.73,498405.81
2021-11-28 06:00:00,7.903,8.012,7.945,8.007,90003.67,720624.94
2021-11-28 07:00:00,8.0,8.06,8.007,8.027,28104.04,225604.15
2021-11-28 08:00:00,7.948,8.019,8.027,7.97,21840.19,174059.53
2021-11-28 09:00:00,7.917,8.075,7.97,8.048,17373.32,139814.21
2021-11-28 10:00:00,8.073,8.139,8.048,8.073,15578.91,125773.12
2021-11-28 11:00:00,8.012,8.056,8.073,8.023,16463.43,132086.44
2021-11-28 12:00:00,7.975,8.018,8.023,8.013,11413.43,91455.25
2021-11-28 13:00:00,7.958,8.007,8.013,7.985,20105.17,160544.69
2021-11-28 14:00:00,7.932,8.008,7.985,7.992,15610.96,124763.21
2021-11-28 15:00:00,7.983,8.277,7.992,8.103,133728.74,1083582.32
2021-11-28 16:00:00,7.966,8.096,8.103,7.987,18283.47,146036.88
2021-11-28 17:00:00,7.82,8.02,7.987,7.826,65131.0,509694.73
2021-11-28 18:00:00,7.679,7.885,7.826,7.825,89457.93,700035.2
2021-11-28 19:00:00,7.883,7.948,7.825,7.943,40873.52,324646.5
2021-11-28 20:00:00,7.982,8.081,7.943,8.076,18272.73,147567.98
2021-11-28 21:00:00,8.278,8.469,8.076,8.373,86756.98,726446.81
2021-11-28 22:00:00,8.235,8.336,8.373,8.246,15996.08,131905.66
2021-11-28 23:00:00,8.33,8.428,8.246,8.416,31786.03,267519.21
2021-11-29 00:00:00,8.379,8.5,8.416,8.379,24713.82,207076.89
2021-11-29 01:00:00,8.303,8.367,8.379,8.349,14252.45,118999.01
2021-11-29 02:00:00,8.294,8.351,8.349,8.351,20833.29,173981.39
2021-11-29 03:00:00,8.323,8.358,8.351,8.329,5351.65,44574.38
2021-11-29 04:00:00,8.293,8.339,8.329,8.305,8098.76,67257.88
2021-11-29 05:00:00,8.294,8.334,8.305,8.3,8650.41,71795.93
2021-11-29 06:00:00,8.29,8.33,8.3,8.307,15149.49,125845.74
2021-11-29 07:00:00,8.296,8.336,8.307,8.302,18154.68,150718.07
2021-11-29 08:00:00,8.219,8.282,8.302,8.276,33951.46,280987.53
2021-11-29 09:00:00,8.146,8.266,8.276,8.203,32024.39,262709.06
2021-11-29 10:00:00,8.247,8.321,8.203,8.258,9250.85,76394.42
2021-11-29 11:00:00,8.206,8.246,8.258,8.212,11576.09,95064.58
2021-11-29 12:00:00,8.196,8.247,8.212,8.247,10452.59,86206.26
2021-11-29 13:00:00,8.281,8.465,8.247,8.419,41252.98,347313.89
2021-11-29 14:00:00,8.3,8.386,8.419,8.317,28111.56,233814.14
2021-11-29 15:00:00,8.273,8.335,8.317,8.313,20100.4,167086.08
2021-11-29 16:00:00,8.297,8.36,8.313,8.331,19167.68,159687.9
2021-11-29 17:00:00,8.402,8.502,8.331,8.443,27541.64,232540.17
2021-11-29 18:00:00,8.418,8.459,8.443,8.418,14382.73,121068.87
2021-11-29 19:00:00,8.281,8.339,8.418,8.333,10560.33,87997.22
2021-11-29 20:00:00,8.325,8.389,8.333,8.389,16738.14,140417.76
2021-11-29 21:00:00,8.421,8.526,8.389,8.468,20578.66,174253.52
2021-11-29 22:00:00,8.416,8.521,8.468,8.521,14122.45,120330.67
2021-11-29 23:00:00,8.427,8.508,8.521,8.439,21654.7,182739.47
2021-11-30 00:00:00,8.421,8.652,8.439,8.588,69532.67,597155.39
2021-11-30 01:00:00,8.46,8.592,8.588,8.541,63083.87,538774.4
2021-11-30 02:00:00,8.492,8.601,8.541,8.492,17936.32,152306.36
2021-11-30 03:00:00,8.39,8.458,8.492,8.458,21916.41,185375.42
2021-11-30 04:00:00,8.472,8.587,8.458,8.535,25273.05,215715.39
2021-11-30 05:00:00,8.306,8.419,8.535,8.323,13164.41,109569.91
2021-11-30 06:00:00,8.32,8.405,8.323,8.405,34143.42,286972.47
2021-11-30 07:00:00,8.313,8.398,8.405,8.33,37624.26,313402.96
2021-11-30 08:00:00,8.288,8.379,8.33,8.294,23969.59,198805.54
2021-11-30 09:00:00,8.285,8.364,8.294,8.342,14052.46,117221.27
2021-11-30 10:00:00,8.351,8.408,8.342,8.351,7798.78,65127.29
2021-11-30 11:00:00,8.397,8.484,8.351,8.484,17372.09,147378.52
2021-11-30 12:00:00,8.422,8.52,8.484,8.468,21661.24,183434.68
2021-11-30 13:00:00,8.522,8.638,8.468,8.638,30676.2,264994.8
2021-11-30 14:00:00,8.613,8.865,8.638,8.777,77957.47,684227.45
2021-11-30 15:00:00,8.585,8.683,8.777,8.66,84301.82,730045.81
2021-11-30 16:00:00,8.518,8.921,8.66,8.847,115494.74,1021837.95
2021-11-30 17:00:00,8.787,8.959,8.847,8.919,68025.04,606719.04
2021-11-30 18:00:00,8.895,9.071,8.919,8.901,44502.35,396125.78
2021-11-30 19:00:00,8.774,8.86,8.901,8.826,29155.43,257321.52
2021-11-30 20:00:00,8.75,8.854,8.826,8.773,46589.33,408730.82
2021-11-30 21:00:00,8.719,8.919,8.773,8.747,92869.88,812369.05
2021-11-30 22:00:00,8.772,8.887,8.747,8.847,27506.11,243335.78
2021-11-30 23:00:00,8.723,8.825,8.847,8.74,15921.6,139155.08
2021-12-01 00:00:00,8.782,8.937,8.74,8.914,45768.73,407985.7
2021-12-01 01:00:00,8.774,8.86,8.914,8.786,24038.95,211195.63
2021-12-01 02:00:00,8.773,8.825,8.786,8.785,20148.56,177004.19
2021-12-01 03:00:00,8.766,8.829,8.785,8.772,11636.96,102077.57
2021-12-01 04:00:00,8.662,8.736,8.772,8.685,23627.6,205203.69
2021-12-01 05:00:00,8.637,8.757,8.685,8.722,18602.83,162262.83
2021-12-01 06:00:00,8.683,8.751,8.722,8.694,10050.06,87377.94
2021-12-01 07:00:00,8.718,8.758,8.694,8.73,33313.28,290817.08
2021-12-01 08:00:00,8.58,8.694,8.73,8.614,33143.61,285512.77
2021-12-01 09:00:00,8.629,8.675,8.614,8.657,22344.15,193443.48
2021-12-01 10:00:00,8.609,8.649,8.657,8.626,14936.56,128846.52
2021-12-01 11:00:00,8.63,8.676,8.626,8.63,9112.98,78648.92
2021-12-01 12:00:00,8.52,8.663,8.63,8.577,120719.87,1035434.16
2021-12-01 13:00:00,8.6,8.669,8.577,8.611,30989.62,266863.79
2021-12-01 14:00:00,8.68,8.762,8.611,8.686,34263.05,297598.0
2021-12-01 15:00:00,8.66,8.813,8.686,8.713,73783.36,642880.76
2021-12-01 16:00:00,8.657,8.71,8.713,8.698,20871.76,181544.46
2021-12-01 17:00:00,8.586,8.632,8.698,8.626,12219.22,105404.77
2021-12-01 18:00:00,8.544,8.648,8.626,8.648,19068.56,164899.11
2021-12-01 19:00:00,8.551,8.649,8.648,8.58,56387.07,483812.47
2021-12-01 20:00:00,8.377,8.497,8.58,8.406,46487.78,390763.78
2021-12-01 21:00:00,8.423,8.457,8.406,8.434,12766.26,107675.74
2021-12-01 22:00:00,8.428,8.473,8.434,8.456,47807.82,404275.7
2021-12-01 23:00:00,8.47,8.516,8.456,8.504,22567.52,191915.91
2021-12-02 00:00:00,8.361,8.493,8.504,8.413,45730.13,384713.9
2021-12-02 01:00:00,8.406,8.515,8.413,8.492,12643.43,107371.86
2021-12-02 02:00:00,8.379,8.459,8.492,8.379,23729.23,198828.82
2021-12-02 03:00:00,8.172,8.285,8.379,8.211,70782.51,581213.19
2021-12-02 04:00:00,8.217,8.257,8.211,8.251,15968.74,131763.68
2021-12-02 05:00:00,8.265,8.31,8.251,8.282,5839.51,48361.72
2021-12-02 06:00:00,8.245,8.307,8.282,8.296,21100.04,175037.23
2021-12-02 07:00:00,8.307,8.335,8.296,8.324,7413.46,61709.44
2021-12-02 08:00:00,8.278,8.346,8.324,8.3,12411.49,103020.22
2021-12-02 09:00:00,8.194,8.262,8.3,8.228,26175.6,215368.63
2021-12-02 10:00:00,8.193,8.255,8.228,8.238,7758.19,63910.73
2021-12-02 11:00:00,8.167,8.229,8.238,8.229,33421.57,275041.94
2021-12-02 12:00:00,8.236,8.287,8.229,8.259,16535.09,136564.68
2021-12-02 13:00:00,8.188,8.256,8.259,8.228,15740.73,129509.41
2021-12-02 14:00:00,8.217,8.491,8.228,8.223,152297.23,1252332.3
2021-12-02 15:00:00,8.136,8.198,8.223,8.175,28632.52,234076.61
2021-12-02 16:00:00,8.152,8.192,8.175,8.192,16142.77,132235.0
2021-12-02 17:00:00,8.215,8.243,8.192,8.243,8380.51,69081.78
2021-12-02 18:00:00,8.222,8.262,8.243,8.234,8576.97,70621.26
2021-12-02 19:00:00,8.197,8.248,8.234,8.237,26726.39,220147.14
2021-12-02 20:00:00,8.256,8.307,8.237,8.296,4820.83,39993.37
2021-12-02 21:00:00,8.273,8.37,8.296,8.336,20526.17,171105.54
2021-12-02 22:00:00,8.277,8.351,8.336,8.289,17608.58,145949.64
2021-12-02 23:00:00,8.207,8.264,8.289,8.241,23520.69,193834.44
2021-12-03 00:00:00,8.222,8.312,8.241,8.312,10492.76,87220.79
2021-12-03 01:00:00,8.263,8.314,8.312,8.28,6857.14,56774.22
2021-12-03 02:00:00,8.229,8.359,8.28,8.229,34738.8,285868.28
2021-12-03 03:00:00,8.23,8.349,8.229,8.337,31348.65,261361.12
2021-12-03 04:00:00,8.369,8.522,8.337,8.522,45778.93,390138.21
2021-12-03 05:00:00,8.408,8.544,8.522,8.425,55822.29,470295.44
2021-12-03 06:00:00,8.392,8.449,8.425,8.449,44250.67,373883.62
2021-12-03 07:00:00,8.37,8.433,8.449,8.399,16942.26,142293.83
2021-12-03 08:00:00,8.329,8.375,8.399,8.358,18868.83,157697.42
2021-12-03 09:00:00,8.394,8.49,8.36,8.444,11235.34,94874.52
2021-12-03 10:00:00,8.393,8.461,8.428,8.45,25914.65,218972.53
2021-12-03 11:00:00,8.439,8.813,8.439,8.733,5734.83,49391.15
2021-12-03 12:00:00,8.733,8.903,8.733,8.801,3401.97,30027.35
2021-12-03 13:00:00,8.811,8.976,8.805,8.925,80077.21,714652.15
2021-12-03 14:00:00,8.817,9.003,8.925,8.885,173383.4,1540479.18
2021-12-03 15:00:00,8.765,9.028,8.885,8.984,129673.48,1164928.01
2021-12-03 16:00:00,8.644,8.87,8.984,8.765,138109.24,1210532.93
2021-12-03 17:00:00,8.725,9.203,8.765,8.961,174638.91,1564978.59
2021-12-03 18:00:00,8.815,8.985,8.961,8.964,149646.3,1341357.21
2021-12-03 19:00:00,8.587,8.824,8.964,8.727,148177.94,1293141.58
2021-12-03 20:00:00,8.613,9.399,8.727,9.297,379128.82,3524814.07
2021-12-03 21:00:00,9.149,9.53,9.297,9.331,172818.33,1612634.73
2021-12-03 22:00:00,9.235,9.459,9.331,9.294,99980.92,929196.45
2021-12-03 23:00:00,9.101,9.343,9.294,9.144,48730.22,445599.75
2021-12-04 00:00:00,8.711,9.046,9.144,8.738,157172.98,1373341.03
2021-12-04 01:00:00,8.699,9.059,8.738,9.059,97267.88,881172.55
2021-12-04 02:00:00,8.859,9.076,9.059,8.928,73250.97,653960.61
2021-12-04 03:00:00,8.422,8.761,8.928,8.474,122596.79,1038925.7
2021-12-04 04:00:00,7.838,8.318,8.474,7.993,250733.77,2004201.94
2021-12-04 05:00:00,6.803,7.659,7.993,7.373,453707.73,3345373.32
2021-12-04 06:00:00,7.209,7.723,7.373,7.39,246323.89,1820329.37
2021-12-04 07:00:00,7.221,8.408,7.39,8.12,325161.83,2640247.73
2021-12-04 08:00:00,7.832,8.274,8.12,7.908,246014.52,1945402.79
2021-12-04 09:00:00,7.699,7.961,7.908,7.842,125214.87,981949.78
2021-12-04 10:00:00,7.645,7.934,7.842,7.783,135805.5,1056913.39
2021-12-04 11:00:00,7.389,7.65,7.783,7.59,140388.4,1065491.2
2021-12-04 12:00:00,7.652,7.845,7.59,7.675,159962.54,1227774.09
2021-12-04 13:00:00,7.593,7.764,7.675,7.679,101397.38,778620.03
2021-12-04 14:00:00,7.73,7.917,7.679,7.826,43937.24,343859.18
2021-12-04 15:00:00,7.682,7.904,7.826,7.73,35229.55,272337.43
2021-12-04 16:00:00,7.628,7.757,7.73,7.69,27270.16,209710.85
2021-12-04 17:00:00,7.747,8.129,7.69,7.916,81812.64,647655.28
2021-12-04 18:00:00,7.827,8.022,7.916,7.827,54279.61,424833.74
2021-12-04 19:00:00,7.869,7.929,7.827,7.884,26964.33,212592.2
2021-12-04 20:00:00,7.825,8.012,7.884,7.943,50245.36,399108.61
2021-12-04 21:00:00,7.808,7.911,7.943,7.833,25367.22,198689.21
2021-12-04 22:00:00,7.911,8.029,7.833,8.014,18419.2,147616.14
2021-12-04 23:00:00,7.973,8.056,8.014,7.992,92941.64,742808.38
2021-12-05 00:00:00,7.8,8.026,7.992,7.825,139024.88,1087851.22
2021-12-05 01:00:00,7.817,8.063,7.825,8.018,67472.95,541028.45
2021-12-05 02:00:00,7.959,8.19,8.018,7.964,43120.19,343416.49
2021-12-05 03:00:00,7.925,8.028,7.964,8.009,58828.12,471142.34
2021-12-05 04:00:00,7.912,7.976,8.009,7.912,18261.9,144486.1
2021-12-05 05:00:00,7.954,8.029,7.912,8.024,10099.06,81032.29
2021-12-05 06:00:00,7.988,8.137,8.024,8.098,39960.68,323585.06
2021-12-05 07:00:00,7.934,8.067,8.098,7.949,22915.69,182154.84
2021-12-05 08:00:00,7.922,7.976,7.949,7.962,21522.98,171355.43
2021-12-05 09:00:00,7.758,7.885,7.962,7.797,56310.05,439039.39
2021-12-05 10:00:00,7.824,7.937,7.797,7.834,48361.68,378852.9
2021-12-05 11:00:00,7.701,7.874,7.834,7.765,54991.85,427018.96
2021-12-05 12:00:00,7.736,7.845,7.765,7.801,37185.7,290074.54
2021-12-05 13:00:00,7.718,7.797,7.801,7.718,29234.85,225624.06
2021-12-05 14:00:00,7.52,7.657,7.718,7.564,160445.55,1213653.29
2021-12-05 15:00:00,7.15,7.595,7.595,7.413,14829.24,106928.08
2021-12-05 16:00:00,7.391,7.498,7.389,7.396,25241.1,186686.45
2021-12-05 17:00:00,7.342,7.462,7.404,7.417,10453.14,77837.83
2021-12-05 18:00:00,7.343,7.402,7.423,7.348,23193.18,170418.95
2021-12-05 19:00:00,7.249,7.426,7.348,7.426,52249.29,387977.65
2021-12-05 20:00:00,7.29,7.417,7.426,7.334,28698.35,210481.7
2021-12-05 21:00:00,7.234,7.406,7.334,7.327,44257.81,324283.95
2021-12-05 22:00:00,7.305,7.394,7.327,7.369,35090.26,258590.6
2021-12-05 23:00:00,7.316,7.405,7.369,7.356,93047.07,684409.57
2021-12-06 00:00:00,7.027,7.262,7.356,7.105,203682.68,1447213.3
2021-12-06 01:00:00,7.075,7.255,7.105,7.226,96280.81,695731.79
2021-12-06 02:00:00,7.225,7.376,7.226,7.318,106201.39,777137.59
2021-12-06 03:00:00,7.327,7.381,7.318,7.381,31285.58,230906.74
2021-12-06 04:00:00,7.295,7.384,7.381,7.315,48747.74,356589.33
2021-12-06 05:00:00,7.182,7.275,7.315,7.182,40986.37,294363.58
2021-12-06 06:00:00,7.1,7.206,7.182,7.114,62269.8,442998.94
2021-12-06 07:00:00,6.924,7.156,7.114,6.943,128822.43,894411.24
2021-12-06 08:00:00,6.881,6.992,6.943,6.953,134225.8,933285.05
2021-12-06 09:00:00,6.767,6.862,6.953,6.848,49124.03,336384.66
2021-12-06 10:00:00,6.757,6.899,6.848,6.785,36126.33,245121.62
2021-12-06 11:00:00,6.839,6.985,6.785,6.96,97389.84,677873.89
2021-12-06 12:00:00,6.869,6.986,6.96,6.874,45432.87,312311.22
2021-12-06 13:00:00,6.801,6.869,6.874,6.815,14915.13,101653.21
2021-12-06 14:00:00,6.766,6.863,6.815,6.819,15168.03,103435.89
2021-12-06 15:00:00,6.884,7.075,6.819,7.065,20195.65,142678.53
2021-12-06 16:00:00,6.999,7.097,7.065,7.018,33857.73,237628.54
2021-12-06 17:00:00,6.927,7.01,7.018,6.941,13918.3,96612.77
2021-12-06 18:00:00,6.932,6.987,6.941,6.967,8200.71,57133.49
2021-12-06 19:00:00,6.956,7.015,6.967,7.0,11795.67,82571.78
2021-12-06 20:00:00,6.952,7.055,7.0,6.987,77746.53,543184.66
2021-12-06 21:00:00,7.147,7.308,6.987,7.248,67345.66,488100.3
2021-12-06 22:00:00,7.27,7.352,7.248,7.306,82101.38,599834.07
2021-12-06 23:00:00,7.239,7.325,7.306,7.295,28621.23,208785.39
2021-12-07 00:00:00,7.301,7.352,7.295,7.311,29931.84,218830.99
2021-12-07 01:00:00,7.284,7.34,7.311,7.289,16682.5,121606.12
2021-12-07 02:00:00,7.236,7.312,7.289,7.261,31086.66,225724.35
2021-12-07 03:00:00,7.28,7.346,7.261,7.285,40884.12,297831.85
2021-12-07 04:00:00,7.219,7.301,7.285,7.285,25806.06,188003.69
2021-12-07 05:00:00,7.26,7.331,7.285,7.316,37630.12,275297.44
2021-12-07 06:00:00,7.318,7.375,7.316,7.324,14184.89,103884.73
2021-12-07 07:00:00,7.289,7.36,7.324,7.294,71116.2,518728.5
2021-12-07 08:00:00,7.312,7.404,7.294,7.404,24322.52,180092.02
2021-12-07 09:00:00,7.406,7.472,7.404,7.416,29705.52,220295.37
2021-12-07 10:00:00,7.378,7.424,7.416,7.383,20728.65,153041.97
2021-12-07 11:00:00,7.363,7.425,7.383,7.394,20463.98,151312.31
2021-12-07 12:00:00,7.182,7.325,7.394,7.269,137718.97,1001023.92
2021-12-07 13:00:00,7.27,7.331,7.269,7.331,27950.73,204901.98
2021-12-07 14:00:00,7.319,7.468,7.319,7.457,7551.72,56129.74
2021-12-07 15:00:00,7.43,7.513,7.477,7.451,37728.8,281105.27
2021-12-07 16:00:00,7.323,7.421,7.451,7.385,41723.95,308128.02
2021-12-07 17:00:00,7.276,7.362,7.385,7.362,27676.75,203765.01
2021-12-07 18:00:00,7.32,7.366,7.362,7.335,25468.42,186820.76
2021-12-07 19:00:00,7.281,7.373,7.335,7.358,19245.33,141599.36
2021-12-07 20:00:00,7.286,7.664,7.358,7.528,126272.39,950566.79
2021-12-07 21:00:00,7.468,7.554,7.528,7.533,81184.43,611599.37
2021-12-07 22:00:00,7.446,7.672,7.533,7.632,36823.09,281041.93
2021-12-07 23:00:00,7.57,7.706,7.632,7.605,40411.68,307333.98
2021-12-08 00:00:00,7.542,7.907,7.605,7.786,125403.84,976334.22
2021-12-08 01:00:00,7.67,7.821,7.786,7.69,62332.21,479330.54
2021-12-08 02:00:00,7.602,7.692,7.69,7.612,34778.84,264724.21
2021-12-08 03:00:00,7.57,7.741,7.612,7.691,58297.29,448335.66
2021-12-08 04:00:00,7.594,7.78,7.691,7.624,54184.23,413121.97
2021-12-08 05:00:00,7.634,8.067,7.624,8.002,180723.49,1446118.06
2021-12-08 06:00:00,7.935,8.062,8.002,7.986,100359.56,801469.88
2021-12-08 07:00:00,7.897,8.025,7.955,7.914,5107.54,40556.85
2021-12-08 08:00:00,7.87,7.931,7.913,7.926,37869.14,300145.98
2021-12-08 09:00:00,7.754,7.885,7.926,7.809,35013.47,273436.61
2021-12-08 10:00:00,7.608,7.756,7.809,7.722,123344.65,952434.98
2021-12-08 11:00:00,7.705,8.183,7.722,7.888,355987.57,2807906.66
2021-12-08 12:00:00,7.787,7.91,7.888,7.881,85438.15,673303.85
2021-12-08 13:00:00,7.835,8.105,7.881,8.032,79939.22,642052.27
2021-12-08 14:00:00,8.192,8.344,8.032,8.263,46553.63,384681.4
2021-12-08 15:00:00,8.179,8.493,8.263,8.453,85200.59,720177.88
2021-12-08 16:00:00,8.354,8.727,8.453,8.667,178317.8,1545461.17
2021-12-08 17:00:00,8.558,8.84,8.667,8.819,135853.36,1198142.38
2021-12-08 18:00:00,8.79,9.083,8.819,9.023,225894.74,2038168.87
2021-12-08 19:00:00,8.99,9.504,9.023,9.318,530853.0,4946314.18
2021-12-08 20:00:00,9.182,9.482,9.318,9.416,355064.35,3343245.23
2021-12-08 21:00:00,9.185,9.428,9.416,9.352,188463.47,1762472.09
2021-12-08 22:00:00,9.218,9.575,9.352,9.314,162199.79,1510707.95
2021-12-08 23:00:00,9.31,9.537,9.314,9.335,131605.32,1228510.63
2021-12-09 00:00:00,9.094,9.417,9.335,9.362,191219.86,1790132.48
2021-12-09 01:00:00,9.308,9.685,9.362,9.585,276815.65,2653158.16
2021-12-09 02:00:00,9.334,9.538,9.585,9.503,167053.41,1587560.96
2021-12-09 03:00:00,9.475,9.871,9.501,9.601,11580.93,112181.25
2021-12-09 04:00:00,9.204,9.601,9.601,9.333,4357.62,41015.44
2021-12-09 05:00:00,9.31,9.554,9.361,9.524,117311.72,1117331.88
2021-12-09 06:00:00,9.345,9.529,9.524,9.504,82295.17,782140.82
2021-12-09 07:00:00,9.496,9.887,9.504,9.541,208694.48,1991238.66
2021-12-09 08:00:00,9.38,9.508,9.541,9.429,111240.73,1048913.36
2021-12-09 09:00:00,9.183,9.375,9.429,9.247,102368.77,946598.22
2021-12-09 10:00:00,9.171,9.284,9.247,9.205,83924.22,772535.93
2021-12-09 11:00:00,9.119,9.292,9.205,9.242,128141.59,1184333.97
2021-12-09 12:00:00,9.276,9.439,9.242,9.316,71370.04,664848.96
2021-12-09 13:00:00,9.254,9.412,9.316,9.362,102834.12,962748.49
2021-12-09 14:00:00,8.935,9.226,9.362,8.998,195582.25,1759844.33
2021-12-09 15:00:00,8.967,9.472,8.998,9.292,408987.82,3800376.85
2021-12-09 16:00:00,9.1,9.329,9.292,9.105,117487.04,1069751.0
2021-12-09 17:00:00,9.041,9.378,9.105,9.176,130223.92,1194887.8
2021-12-09 18:00:00,9.09,9.272,9.176,9.19,160756.71,1477418.72
2021-12-09 19:00:00,9.137,9.523,9.19,9.285,177144.97,1644780.51
2021-12-09 20:00:00,9.008,9.294,9.285,9.051,152075.0,1376434.9
2021-12-09 21:00:00,9.101,9.763,9.051,9.73,311042.94,3026347.98
2021-12-09 22:00:00,9.51,9.836,9.73,9.712,218250.41,2119576.29
2021-12-09 23:00:00,9.424,9.98,9.712,9.742,308140.58,3002047.61
